--
-- PostgreSQL database dump
--

-- Dumped from database version 14.6
-- Dumped by pg_dump version 14.6

-- Started on 2022-12-14 18:52:43

SET statement_timeout = 0;
SET lock_timeout = 0;
SET idle_in_transaction_session_timeout = 0;
SET client_encoding = 'UTF8';
SET standard_conforming_strings = on;
SELECT pg_catalog.set_config('search_path', '', false);
SET check_function_bodies = false;
SET xmloption = content;
SET client_min_messages = warning;
SET row_security = off;

SET default_tablespace = '';

SET default_table_access_method = heap;

--
-- TOC entry 210 (class 1259 OID 24770)
-- Name: category; Type: TABLE; Schema: public; Owner: postgres
--

CREATE TABLE public.category (
    id integer NOT NULL,
    name character varying(255)
);


ALTER TABLE public.category OWNER TO postgres;

--
-- TOC entry 209 (class 1259 OID 24769)
-- Name: category_id_seq; Type: SEQUENCE; Schema: public; Owner: postgres
--

ALTER TABLE public.category ALTER COLUMN id ADD GENERATED BY DEFAULT AS IDENTITY (
    SEQUENCE NAME public.category_id_seq
    START WITH 1
    INCREMENT BY 1
    NO MINVALUE
    NO MAXVALUE
    CACHE 1
);


--
-- TOC entry 212 (class 1259 OID 24776)
-- Name: image; Type: TABLE; Schema: public; Owner: postgres
--

CREATE TABLE public.image (
    id integer NOT NULL,
    file_name character varying(255),
    product_id integer NOT NULL
);


ALTER TABLE public.image OWNER TO postgres;

--
-- TOC entry 211 (class 1259 OID 24775)
-- Name: image_id_seq; Type: SEQUENCE; Schema: public; Owner: postgres
--

ALTER TABLE public.image ALTER COLUMN id ADD GENERATED BY DEFAULT AS IDENTITY (
    SEQUENCE NAME public.image_id_seq
    START WITH 1
    INCREMENT BY 1
    NO MINVALUE
    NO MAXVALUE
    CACHE 1
);


--
-- TOC entry 214 (class 1259 OID 24782)
-- Name: orders; Type: TABLE; Schema: public; Owner: postgres
--

CREATE TABLE public.orders (
    id integer NOT NULL,
    count integer NOT NULL,
    date_time timestamp without time zone,
    number character varying(255),
    price real NOT NULL,
    status integer,
    person_id integer NOT NULL,
    product_id integer NOT NULL
);


ALTER TABLE public.orders OWNER TO postgres;

--
-- TOC entry 213 (class 1259 OID 24781)
-- Name: orders_id_seq; Type: SEQUENCE; Schema: public; Owner: postgres
--

ALTER TABLE public.orders ALTER COLUMN id ADD GENERATED BY DEFAULT AS IDENTITY (
    SEQUENCE NAME public.orders_id_seq
    START WITH 1
    INCREMENT BY 1
    NO MINVALUE
    NO MAXVALUE
    CACHE 1
);


--
-- TOC entry 216 (class 1259 OID 24788)
-- Name: person; Type: TABLE; Schema: public; Owner: postgres
--

CREATE TABLE public.person (
    id integer NOT NULL,
    login character varying(50),
    password character varying(255),
    role character varying(255)
);


ALTER TABLE public.person OWNER TO postgres;

--
-- TOC entry 215 (class 1259 OID 24787)
-- Name: person_id_seq; Type: SEQUENCE; Schema: public; Owner: postgres
--

ALTER TABLE public.person ALTER COLUMN id ADD GENERATED BY DEFAULT AS IDENTITY (
    SEQUENCE NAME public.person_id_seq
    START WITH 1
    INCREMENT BY 1
    NO MINVALUE
    NO MAXVALUE
    CACHE 1
);


--
-- TOC entry 218 (class 1259 OID 24796)
-- Name: product; Type: TABLE; Schema: public; Owner: postgres
--

CREATE TABLE public.product (
    id integer NOT NULL,
    date_time_of_created timestamp without time zone,
    description text NOT NULL,
    price real NOT NULL,
    seller character varying(255) NOT NULL,
    title text NOT NULL,
    warehouse character varying(255) NOT NULL,
    category_id integer NOT NULL,
    CONSTRAINT product_price_check CHECK ((price >= (1)::double precision))
);


ALTER TABLE public.product OWNER TO postgres;

--
-- TOC entry 220 (class 1259 OID 24805)
-- Name: product_cart; Type: TABLE; Schema: public; Owner: postgres
--

CREATE TABLE public.product_cart (
    id integer NOT NULL,
    person_id integer,
    product_id integer
);


ALTER TABLE public.product_cart OWNER TO postgres;

--
-- TOC entry 219 (class 1259 OID 24804)
-- Name: product_cart_id_seq; Type: SEQUENCE; Schema: public; Owner: postgres
--

ALTER TABLE public.product_cart ALTER COLUMN id ADD GENERATED BY DEFAULT AS IDENTITY (
    SEQUENCE NAME public.product_cart_id_seq
    START WITH 1
    INCREMENT BY 1
    NO MINVALUE
    NO MAXVALUE
    CACHE 1
);


--
-- TOC entry 217 (class 1259 OID 24795)
-- Name: product_id_seq; Type: SEQUENCE; Schema: public; Owner: postgres
--

ALTER TABLE public.product ALTER COLUMN id ADD GENERATED BY DEFAULT AS IDENTITY (
    SEQUENCE NAME public.product_id_seq
    START WITH 1
    INCREMENT BY 1
    NO MINVALUE
    NO MAXVALUE
    CACHE 1
);


--
-- TOC entry 3350 (class 0 OID 24770)
-- Dependencies: 210
-- Data for Name: category; Type: TABLE DATA; Schema: public; Owner: postgres
--

INSERT INTO public.category (id, name) VALUES (1, 'Доски');
INSERT INTO public.category (id, name) VALUES (2, 'Тарелки и боулы');
INSERT INTO public.category (id, name) VALUES (3, 'Кружки и стаканы');


--
-- TOC entry 3352 (class 0 OID 24776)
-- Dependencies: 212
-- Data for Name: image; Type: TABLE DATA; Schema: public; Owner: postgres
--

INSERT INTO public.image (id, file_name, product_id) VALUES (9, 'a9663f08-a7fb-4839-922a-300b3c89a3f0.4.webp', 3);
INSERT INTO public.image (id, file_name, product_id) VALUES (10, '61d18fb6-23e8-425f-8d5c-3b2c0609a9df.KINN-Serveware1-28.webp', 3);
INSERT INTO public.image (id, file_name, product_id) VALUES (11, '894fa094-1a8b-4b4f-97a4-1aa18d5a12ad.MapleServeBoards-5_900x.webp', 3);
INSERT INTO public.image (id, file_name, product_id) VALUES (12, 'ce669a36-d4f3-46c1-b0b6-a2d995dce6f2.MapleServeBoards-6.jpg', 3);
INSERT INTO public.image (id, file_name, product_id) VALUES (13, '335c78df-8ed9-46df-9546-ebbbe424800a.MapleServeBoardLong1.webp', 4);
INSERT INTO public.image (id, file_name, product_id) VALUES (14, '10219a93-7dd2-46ec-876a-697c78534cf0.MapleServeBoardLong2.webp', 4);
INSERT INTO public.image (id, file_name, product_id) VALUES (15, '5ed915fc-6eec-48d2-b8c4-4c6bb96eae15.MapleServeBoards-3.jpg', 4);
INSERT INTO public.image (id, file_name, product_id) VALUES (16, '6ac2e6af-281c-4821-adc4-d17c9d113fc4.MapleServeBoardsLong.webp', 4);
INSERT INTO public.image (id, file_name, product_id) VALUES (17, '3e3cf94e-5d56-4fc1-b5f0-c3d9cf5a8247.KINN-Serveware1-19.webp', 5);
INSERT INTO public.image (id, file_name, product_id) VALUES (18, '45ba83de-8fb6-4449-9bdd-0895c145f15d.DipDipSlate-8-min.webp', 5);
INSERT INTO public.image (id, file_name, product_id) VALUES (19, '6123519b-29ac-4636-9623-788e2cd44a5f.DipDipSlate-9-min.webp', 5);
INSERT INTO public.image (id, file_name, product_id) VALUES (20, 'df4e2772-9eb2-4b4b-bedb-7d4279b371dc.V2_dipdip1reduced_900x.webp', 5);
INSERT INTO public.image (id, file_name, product_id) VALUES (25, 'faaa301b-160d-41b3-a965-0f58d0ed7b02.1.webp', 7);
INSERT INTO public.image (id, file_name, product_id) VALUES (26, '98de3aa1-9032-481f-9806-89f74ee1e730.CeramicServeware-23.webp', 7);
INSERT INTO public.image (id, file_name, product_id) VALUES (27, 'e767065d-5015-48ce-b8d6-d54a6645f726.FamilyStylePlatter-Parchment.jpg', 7);
INSERT INTO public.image (id, file_name, product_id) VALUES (28, '6c85a9dd-93e5-47a9-b6a7-0ea9e129acad.KINN-Serveware1-90.webp', 7);
INSERT INTO public.image (id, file_name, product_id) VALUES (29, '0dd6fe06-33ed-41ee-a82a-9d2c9aa52572.8ozJadeGlasses.webp', 8);
INSERT INTO public.image (id, file_name, product_id) VALUES (30, '174abc6e-428d-4e88-a830-aebfb63aba79.95143721_867199267120470_7888061984411149898_n.jpg', 8);
INSERT INTO public.image (id, file_name, product_id) VALUES (31, '1daf40ec-e334-465e-8893-f9953f44921e.JadeGlasses.webp', 8);
INSERT INTO public.image (id, file_name, product_id) VALUES (32, 'e0861d3b-4b4a-4982-a054-f8cdb6b83d3f.KINN-Serveware1-24.webp', 8);
INSERT INTO public.image (id, file_name, product_id) VALUES (33, '17b4171b-d7f2-470b-8cdc-b7f2cbb57f15.8ClearGlass2-min.webp', 9);
INSERT INTO public.image (id, file_name, product_id) VALUES (34, '1bb7910a-60a6-4903-abfc-3cec7b4c6f7f.12CLearGlass-min.webp', 9);
INSERT INTO public.image (id, file_name, product_id) VALUES (35, 'd62e8a51-ba2f-4065-b96f-a8cd0312a1a7.glassware_b9df1a93-9029-4cf6-801d-91dc2901e07a.webp', 9);
INSERT INTO public.image (id, file_name, product_id) VALUES (36, '33d80eb6-e809-42f2-8ac8-8e9bda83ff9d.KinnTablescape.webp', 9);
INSERT INTO public.image (id, file_name, product_id) VALUES (37, '8c58c30a-7606-4ed5-9105-0c93628aacdc.1.webp', 10);
INSERT INTO public.image (id, file_name, product_id) VALUES (38, 'f3860f83-72ce-4a63-84ae-7000890bb0eb.Fall-2.webp', 10);
INSERT INTO public.image (id, file_name, product_id) VALUES (39, '2ba64a13-1efd-4c94-a4f7-2eb4e4c242a4.FamilyStylePlatter-Medium-5.webp', 10);
INSERT INTO public.image (id, file_name, product_id) VALUES (40, '68be31fe-9f78-47f2-963a-9fe0102e00dc.KINN-Serveware1-6.webp', 10);
INSERT INTO public.image (id, file_name, product_id) VALUES (41, 'c7497a15-f0a4-4911-96c9-ff16f460cd95.1.webp', 11);
INSERT INTO public.image (id, file_name, product_id) VALUES (42, 'c0774b94-70f2-468e-98fa-0499e97c701c.CeramicServeware-5.webp', 11);
INSERT INTO public.image (id, file_name, product_id) VALUES (43, 'df7dd67e-b262-493b-9ac4-c5b8c42b190c.FamilyStyleBowl-Apricot.webp', 11);
INSERT INTO public.image (id, file_name, product_id) VALUES (44, '519cd226-989a-448b-83a7-ddd725d82b49.KINN-Serveware1-2.jpg', 11);
INSERT INTO public.image (id, file_name, product_id) VALUES (45, '1c5cb33e-3176-4959-9242-ce69cba457af.1.webp', 12);
INSERT INTO public.image (id, file_name, product_id) VALUES (46, '45cba35e-783d-4633-8b59-433a9c27c778.7K3A7006cropcompressedtumblerslate.webp', 12);
INSERT INTO public.image (id, file_name, product_id) VALUES (47, '03739162-3c3c-4403-89a1-39ad0e1a3705.TumblerApricot.webp', 12);
INSERT INTO public.image (id, file_name, product_id) VALUES (48, 'ed67b971-a7d6-44c9-a68b-b0b0259d3496.Tumblers-3.webp', 12);


--
-- TOC entry 3354 (class 0 OID 24782)
-- Dependencies: 214
-- Data for Name: orders; Type: TABLE DATA; Schema: public; Owner: postgres
--

INSERT INTO public.orders (id, count, date_time, number, price, status, person_id, product_id) VALUES (2, 1, '2022-12-14 18:34:52.54784', '231043a0-3b31-4464-841e-ab278a1668cc', 42, 1, 1, 12);
INSERT INTO public.orders (id, count, date_time, number, price, status, person_id, product_id) VALUES (3, 1, '2022-12-14 18:34:52.563413', '231043a0-3b31-4464-841e-ab278a1668cc', 54, 1, 1, 11);
INSERT INTO public.orders (id, count, date_time, number, price, status, person_id, product_id) VALUES (1, 0, NULL, '9f1b67cb-ca1e-471b-9bf8-0234c4744519', 42, 4, 1, 12);


--
-- TOC entry 3356 (class 0 OID 24788)
-- Dependencies: 216
-- Data for Name: person; Type: TABLE DATA; Schema: public; Owner: postgres
--

INSERT INTO public.person (id, login, password, role) VALUES (2, 'admin', '$2a$10$sBlZebby5z9M59W1wJ4LPeWk89UTkUZqiOHlcsPjdUzIRURjMkANC', 'ROLE_ADMIN');
INSERT INTO public.person (id, login, password, role) VALUES (1, 'user_test', '$2a$10$gLqihg4dG8Gs8JfAqsy2C.G2KOkCrJXlITubpGFqPOZKqoH4WRalS', 'ROLE_USER');


--
-- TOC entry 3358 (class 0 OID 24796)
-- Dependencies: 218
-- Data for Name: product; Type: TABLE DATA; Schema: public; Owner: postgres
--

INSERT INTO public.product (id, date_time_of_created, description, price, seller, title, warehouse, category_id) VALUES (3, '2022-12-14 17:19:22.852775', 'Наши сервировочные доски из клена - новейшее украшение кухни. Изготовлено на месте и сформировано вручную из твердого клена. Наш самый маленький размер — short, используется как доска для сэндвичей или тарелка для закусок.', 74, 'Fissler', 'Доска Мэпл - Короткая', 'РЦ Павловская Слобода', 1);
INSERT INTO public.product (id, date_time_of_created, description, price, seller, title, warehouse, category_id) VALUES (4, '2022-12-14 17:20:57.964335', 'Наши сервировочные доски из клена - новейшее украшение кухни. Изготовлено на месте и сформовано вручную из твердого клена. Наша дока среднего размера идеально подходит для разделки блюд за столом, а также для нарезки фруктов и овощей на кухне.', 98, 'Fissler', 'Доска Мэпл - Длинная', 'РЦ Павловская Слобода', 1);
INSERT INTO public.product (id, date_time_of_created, description, price, seller, title, warehouse, category_id) VALUES (5, '2022-12-14 17:23:25.647403', 'Наши миски для соуса - это уменьшенная версия наших мисок для завтрака. Предназначен для подачи небольших порций гарнира, соусов и любых промежуточных закусок. Изготовленное вручную нашими партнерами-ремесленниками в Португалии, каждое изделие покрыто уникальной органической глазурью и имеет форму, соответствующую духу ваби-саби.', 56, 'Le Creuset', 'ДипДип - набор боулов', 'Санкт-Петербург РФЦ', 2);
INSERT INTO public.product (id, date_time_of_created, description, price, seller, title, warehouse, category_id) VALUES (7, '2022-12-14 17:27:43.333639', 'Наше блюдо в семейном стиле маленького размера идеально подходит для общих гарниров - например, к обжаренной спарже, запеченным корнеплодам и картофельному пюре со сливками. Однако нам больше всего нравится сочетать его с нашей миской DipDip, полной сальсы, и подавать с уличными тако. Изготовленное вручную нашими партнерами-ремесленниками в Португалии, каждое изделие имеет тонкую органическую глазурь и форму.', 52, 'Le Creuset', 'Тарелки семейные - маленькие ', 'Санкт-Петербург РФЦ', 2);
INSERT INTO public.product (id, date_time_of_created, description, price, seller, title, warehouse, category_id) VALUES (8, '2022-12-14 17:29:57.395811', 'Наша коллекция зеленого стекла имеет винтажный оттенок с легкой текстурой, напоминающий ваш любимый шипучий напиток. Крафтовый и старомодный. Наши 8 унций идеально подходят для небольших глотков с тоником или в качестве современного аперитива.', 72, 'Ruffoni', 'Джэйд – Набор из 6 стаканов ', 'Хоругвино РФЦ', 3);
INSERT INTO public.product (id, date_time_of_created, description, price, seller, title, warehouse, category_id) VALUES (9, '2022-12-14 17:31:13.082979', 'Чай со льдом, "Кровавая Мэри" или газированная вода — всего лишь несколько способов использовать наши универсальные стаканы на вашей кухне. Его изогнутое основание красиво уравновешивает чистые линии. Выбирайте из классических 8 или 12 унций.', 52, 'Ruffoni', 'Мэри – Набор из 6 стаканов ', 'Хоругвино РФЦ', 3);
INSERT INTO public.product (id, date_time_of_created, description, price, seller, title, warehouse, category_id) VALUES (10, '2022-12-14 17:33:10.625422', 'Не ищите более идеального подарка для хозяйки. Наше блюдо в семейном стиле отлично подходит для сытных порций — от позднего завтрака до любых ваших застолий и посиделок. Изготовленное вручную нашими партнерами-ремесленниками в Португалии, каждое изделие имеет тонкую органическую глазурь и форму.', 68, 'Le Creuset', 'Тарелки семейные - средние ', 'Санкт-Петербург РФЦ', 2);
INSERT INTO public.product (id, date_time_of_created, description, price, seller, title, warehouse, category_id) VALUES (11, '2022-12-14 17:35:02.226126', 'Наша семейная миска, предназначенная для больших порций и совместного приема пищи, идеально подходит для зерновых, зелени и для тех, кто любит мясные блюда... может, окорок оленины? Изготовлено вручную нашими партнерами-ремесленниками в Португалии, что обеспечивает тонкую органическую глазурь и уникальную форму для каждого изделия.', 54, 'Le Creuset', 'Боулы семейные ', 'Санкт-Петербург РФЦ', 2);
INSERT INTO public.product (id, date_time_of_created, description, price, seller, title, warehouse, category_id) VALUES (12, '2022-12-14 17:37:42.017584', 'Изготовленные вручную нашими мастерами-керамистами в Португалии эти керамические бокалы цвета амбре сочетают в себе две разные глазури для создания тонкого текстурированного градиентного эффекта.  Выдохните и включите #slowmoment.', 44, 'Ruffoni', 'Кружки Омбре – Набор из двух кружек  ', 'Хоругвино РФЦ', 3);


--
-- TOC entry 3360 (class 0 OID 24805)
-- Dependencies: 220
-- Data for Name: product_cart; Type: TABLE DATA; Schema: public; Owner: postgres
--



--
-- TOC entry 3366 (class 0 OID 0)
-- Dependencies: 209
-- Name: category_id_seq; Type: SEQUENCE SET; Schema: public; Owner: postgres
--

SELECT pg_catalog.setval('public.category_id_seq', 3, true);


--
-- TOC entry 3367 (class 0 OID 0)
-- Dependencies: 211
-- Name: image_id_seq; Type: SEQUENCE SET; Schema: public; Owner: postgres
--

SELECT pg_catalog.setval('public.image_id_seq', 48, true);


--
-- TOC entry 3368 (class 0 OID 0)
-- Dependencies: 213
-- Name: orders_id_seq; Type: SEQUENCE SET; Schema: public; Owner: postgres
--

SELECT pg_catalog.setval('public.orders_id_seq', 3, true);


--
-- TOC entry 3369 (class 0 OID 0)
-- Dependencies: 215
-- Name: person_id_seq; Type: SEQUENCE SET; Schema: public; Owner: postgres
--

SELECT pg_catalog.setval('public.person_id_seq', 2, true);


--
-- TOC entry 3370 (class 0 OID 0)
-- Dependencies: 219
-- Name: product_cart_id_seq; Type: SEQUENCE SET; Schema: public; Owner: postgres
--

SELECT pg_catalog.setval('public.product_cart_id_seq', 6, true);


--
-- TOC entry 3371 (class 0 OID 0)
-- Dependencies: 217
-- Name: product_id_seq; Type: SEQUENCE SET; Schema: public; Owner: postgres
--

SELECT pg_catalog.setval('public.product_id_seq', 12, true);


--
-- TOC entry 3191 (class 2606 OID 24774)
-- Name: category category_pkey; Type: CONSTRAINT; Schema: public; Owner: postgres
--

ALTER TABLE ONLY public.category
    ADD CONSTRAINT category_pkey PRIMARY KEY (id);


--
-- TOC entry 3193 (class 2606 OID 24780)
-- Name: image image_pkey; Type: CONSTRAINT; Schema: public; Owner: postgres
--

ALTER TABLE ONLY public.image
    ADD CONSTRAINT image_pkey PRIMARY KEY (id);


--
-- TOC entry 3195 (class 2606 OID 24786)
-- Name: orders orders_pkey; Type: CONSTRAINT; Schema: public; Owner: postgres
--

ALTER TABLE ONLY public.orders
    ADD CONSTRAINT orders_pkey PRIMARY KEY (id);


--
-- TOC entry 3197 (class 2606 OID 24794)
-- Name: person person_pkey; Type: CONSTRAINT; Schema: public; Owner: postgres
--

ALTER TABLE ONLY public.person
    ADD CONSTRAINT person_pkey PRIMARY KEY (id);


--
-- TOC entry 3203 (class 2606 OID 24809)
-- Name: product_cart product_cart_pkey; Type: CONSTRAINT; Schema: public; Owner: postgres
--

ALTER TABLE ONLY public.product_cart
    ADD CONSTRAINT product_cart_pkey PRIMARY KEY (id);


--
-- TOC entry 3199 (class 2606 OID 24803)
-- Name: product product_pkey; Type: CONSTRAINT; Schema: public; Owner: postgres
--

ALTER TABLE ONLY public.product
    ADD CONSTRAINT product_pkey PRIMARY KEY (id);


--
-- TOC entry 3201 (class 2606 OID 24811)
-- Name: product uk_qka6vxqdy1dprtqnx9trdd47c; Type: CONSTRAINT; Schema: public; Owner: postgres
--

ALTER TABLE ONLY public.product
    ADD CONSTRAINT uk_qka6vxqdy1dprtqnx9trdd47c UNIQUE (title);


--
-- TOC entry 3205 (class 2606 OID 24817)
-- Name: orders fk1b0m4muwx1t377w9if3w6wwqn; Type: FK CONSTRAINT; Schema: public; Owner: postgres
--

ALTER TABLE ONLY public.orders
    ADD CONSTRAINT fk1b0m4muwx1t377w9if3w6wwqn FOREIGN KEY (person_id) REFERENCES public.person(id);


--
-- TOC entry 3207 (class 2606 OID 24827)
-- Name: product fk1mtsbur82frn64de7balymq9s; Type: FK CONSTRAINT; Schema: public; Owner: postgres
--

ALTER TABLE ONLY public.product
    ADD CONSTRAINT fk1mtsbur82frn64de7balymq9s FOREIGN KEY (category_id) REFERENCES public.category(id);


--
-- TOC entry 3206 (class 2606 OID 24822)
-- Name: orders fk787ibr3guwp6xobrpbofnv7le; Type: FK CONSTRAINT; Schema: public; Owner: postgres
--

ALTER TABLE ONLY public.orders
    ADD CONSTRAINT fk787ibr3guwp6xobrpbofnv7le FOREIGN KEY (product_id) REFERENCES public.product(id);


--
-- TOC entry 3204 (class 2606 OID 24812)
-- Name: image fkgpextbyee3uk9u6o2381m7ft1; Type: FK CONSTRAINT; Schema: public; Owner: postgres
--

ALTER TABLE ONLY public.image
    ADD CONSTRAINT fkgpextbyee3uk9u6o2381m7ft1 FOREIGN KEY (product_id) REFERENCES public.product(id);


--
-- TOC entry 3209 (class 2606 OID 24837)
-- Name: product_cart fkhpnrxdy3jhujameyod08ilvvw; Type: FK CONSTRAINT; Schema: public; Owner: postgres
--

ALTER TABLE ONLY public.product_cart
    ADD CONSTRAINT fkhpnrxdy3jhujameyod08ilvvw FOREIGN KEY (product_id) REFERENCES public.product(id);


--
-- TOC entry 3208 (class 2606 OID 24832)
-- Name: product_cart fksgnkc1ko2i1o9yr2p63ysq3rn; Type: FK CONSTRAINT; Schema: public; Owner: postgres
--

ALTER TABLE ONLY public.product_cart
    ADD CONSTRAINT fksgnkc1ko2i1o9yr2p63ysq3rn FOREIGN KEY (person_id) REFERENCES public.person(id);


-- Completed on 2022-12-14 18:52:43

--
-- PostgreSQL database dump complete
--

